"id","folder"
"NDARAA075AMK","sub-NDARAA075AMK"
"NDARAA773LUW","sub-NDARAA773LUW"
"NDARAB653ZXP","sub-NDARAB653ZXP"
"NDARAC904DMU","sub-NDARAC904DMU"
"NDARAE012DGA","sub-NDARAE012DGA"
"NDARAL828WXM","sub-NDARAL828WXM"
"NDARAM277WZT","sub-NDARAM277WZT"
"NDARAM675UR8","sub-NDARAM675UR8"
"NDARAN385MDH","sub-NDARAN385MDH"
"NDARAP522AFK","sub-NDARAP522AFK"
"NDARAT100AEQ","sub-NDARAT100AEQ"
"NDARAU447JZH","sub-NDARAU447JZH"
"NDARAV610EY3","sub-NDARAV610EY3"
"NDARAX283MAK","sub-NDARAX283MAK"
"NDARBA521RA8","sub-NDARBA521RA8"
"NDARBF402JLH","sub-NDARBF402JLH"
"NDARBF998MBA","sub-NDARBF998MBA"
"NDARBG819PT9","sub-NDARBG819PT9"
"NDARBH024NH2","sub-NDARBH024NH2"
"NDARBH536UD3","sub-NDARBH536UD3"
"NDARBK082PDD","sub-NDARBK082PDD"
"NDARBL117AUV","sub-NDARBL117AUV"
"NDARBN100LCD","sub-NDARBN100LCD"
"NDARBT436PMT","sub-NDARBT436PMT"
"NDARBU928LV0","sub-NDARBU928LV0"
"NDARBV150TX1","sub-NDARBV150TX1"
"NDARBW268XPY","sub-NDARBW268XPY"
"NDARBY518PRN","sub-NDARBY518PRN"
"NDARCD182XT1","sub-NDARCD182XT1"
"NDARCD401HGZ","sub-NDARCD401HGZ"
"NDARCE721YB5","sub-NDARCE721YB5"
"NDARCE788KXW","sub-NDARCE788KXW"
"NDARCG808HDJ","sub-NDARCG808HDJ"
"NDARCH084YL1","sub-NDARCH084YL1"
"NDARCH514JCT","sub-NDARCH514JCT"
"NDARCJ363KLE","sub-NDARCJ363KLE"
"NDARCJ667UPL","sub-NDARCJ667UPL"
"NDARCL253KU1","sub-NDARCL253KU1"
"NDARCM050BN2","sub-NDARCM050BN2"
"NDARCN766ED4","sub-NDARCN766ED4"
"NDARCP698AT5","sub-NDARCP698AT5"
"NDARCR576EV1","sub-NDARCR576EV1"
"NDARCT472UJ7","sub-NDARCT472UJ7"
"NDARCU891YET","sub-NDARCU891YET"
"NDARCW963FP9","sub-NDARCW963FP9"
"NDARCX053GU5","sub-NDARCX053GU5"
"NDARCY178KJP","sub-NDARCY178KJP"
"NDARDC814WW2","sub-NDARDC814WW2"
"NDARDH086ZKK","sub-NDARDH086ZKK"
"NDARDH753GUF","sub-NDARDH753GUF"
"NDARDJ092YKH","sub-NDARDJ092YKH"
"NDARDJ825GBP","sub-NDARDJ825GBP"
"NDARDL511UND","sub-NDARDL511UND"
"NDARDN489EXJ","sub-NDARDN489EXJ"
"NDARDR296XHN","sub-NDARDR296XHN"
"NDARDR804MFE","sub-NDARDR804MFE"
"NDARDT800YVF","sub-NDARDT800YVF"
"NDARDX872VH6","sub-NDARDX872VH6"
"NDAREA136BDX","sub-NDAREA136BDX"
"NDARED047DTH","sub-NDARED047DTH"
"NDAREF389RY2","sub-NDAREF389RY2"
"NDAREG013BLG","sub-NDAREG013BLG"
"NDAREG590BNY","sub-NDAREG590BNY"
"NDAREH074NG8","sub-NDAREH074NG8"
"NDAREK549XUQ","sub-NDAREK549XUQ"
"NDAREL622FA6","sub-NDAREL622FA6"
"NDAREM703YFD","sub-NDAREM703YFD"
"NDARET653TAM","sub-NDARET653TAM"
"NDAREU551GPC","sub-NDAREU551GPC"
"NDAREW201WD9","sub-NDAREW201WD9"
"NDAREW430AYU","sub-NDAREW430AYU"
"NDAREW661NZJ","sub-NDAREW661NZJ"
"NDAREW976FNL","sub-NDAREW976FNL"
"NDAREX065KJU","sub-NDAREX065KJU"
"NDARFB784LDG","sub-NDARFB784LDG"
"NDARFC233RND","sub-NDARFC233RND"
"NDARFG851ZNZ","sub-NDARFG851ZNZ"
"NDARFJ988HKR","sub-NDARFJ988HKR"
"NDARFK610GY5","sub-NDARFK610GY5"
"NDARFL411AT1","sub-NDARFL411AT1"
"NDARFN854EJB","sub-NDARFN854EJB"
"NDARFP325CBZ","sub-NDARFP325CBZ"
"NDARFP813TL5","sub-NDARFP813TL5"
"NDARFR109LKT","sub-NDARFR109LKT"
"NDARFW292PBD","sub-NDARFW292PBD"
"NDARFY075REK","sub-NDARFY075REK"
"NDARFZ700FAH","sub-NDARFZ700FAH"
"NDARGA563XVW","sub-NDARGA563XVW"
"NDARGB441VVD","sub-NDARGB441VVD"
"NDARGD507TDZ","sub-NDARGD507TDZ"
"NDARGF543PM2","sub-NDARGF543PM2"
"NDARGG205WVN","sub-NDARGG205WVN"
"NDARGG442NML","sub-NDARGG442NML"
"NDARGG547JN2","sub-NDARGG547JN2"
"NDARGH592NZ2","sub-NDARGH592NZ2"
"NDARGH790CEF","sub-NDARGH790CEF"
"NDARGL800LDW","sub-NDARGL800LDW"
"NDARGN721GKT","sub-NDARGN721GKT"
"NDARGP297VPE","sub-NDARGP297VPE"
"NDARGR875AXY","sub-NDARGR875AXY"
"NDARGT022BEW","sub-NDARGT022BEW"
"NDARGT409NJZ","sub-NDARGT409NJZ"
"NDARGT634DUJ","sub-NDARGT634DUJ"
"NDARGT682ZWN","sub-NDARGT682ZWN"
"NDARGV956EGX","sub-NDARGV956EGX"
"NDARGW450YUX","sub-NDARGW450YUX"
"NDARGX443CEU","sub-NDARGX443CEU"
"NDARGY200NTW","sub-NDARGY200NTW"
"NDARHB000YF8","sub-NDARHB000YF8"
"NDARHB764VZ2","sub-NDARHB764VZ2"
"NDARHC735FJF","sub-NDARHC735FJF"
"NDARHJ945PV0","sub-NDARHJ945PV0"
"NDARHM304AXP","sub-NDARHM304AXP"
"NDARHM475DC5","sub-NDARHM475DC5"
"NDARHN848BBB","sub-NDARHN848BBB"
"NDARHP924ZHW","sub-NDARHP924ZHW"
"NDARHR443EHF","sub-NDARHR443EHF"
"NDARHR748HK2","sub-NDARHR748HK2"
"NDARHV527DNK","sub-NDARHV527DNK"
"NDARHV915YXJ","sub-NDARHV915YXJ"
"NDARHW270BD0","sub-NDARHW270BD0"
"NDARHW973PXT","sub-NDARHW973PXT"
"NDARHX252NVH","sub-NDARHX252NVH"
"NDARHX754KYY","sub-NDARHX754KYY"
"NDARJ257ZU2","sub-NDARJ257ZU2"
"NDARJB355YHK","sub-NDARJB355YHK"
"NDARJF322BN4","sub-NDARJF322BN4"
"NDARJH441HJD","sub-NDARJH441HJD"
"NDARJH910CGX","sub-NDARJH910CGX"
"NDARJJ343TR0","sub-NDARJJ343TR0"
"NDARJJ345VHW","sub-NDARJJ345VHW"
"NDARJJ356DAL","sub-NDARJJ356DAL"
"NDARJM708VGE","sub-NDARJM708VGE"
"NDARJP954CE7","sub-NDARJP954CE7"
"NDARJV377HG4","sub-NDARJV377HG4"
"NDARJW315BUA","sub-NDARJW315BUA"
"NDARJW989EM6","sub-NDARJW989EM6"
"NDARJX121GKP","sub-NDARJX121GKP"
"NDARJZ089HVP","sub-NDARJZ089HVP"
"NDARKD168VHJ","sub-NDARKD168VHJ"
"NDARKF615JNZ","sub-NDARKF615JNZ"
"NDARKH837TB2","sub-NDARKH837TB2"
"NDARKK745DHA","sub-NDARKK745DHA"
"NDARKL327VRH","sub-NDARKL327VRH"
"NDARKN437DBN","sub-NDARKN437DBN"
"NDARKN509RP9","sub-NDARKN509RP9"
"NDARKR010EN7","sub-NDARKR010EN7"
"NDARKT811ATJ","sub-NDARKT811ATJ"
"NDARKU278YRR","sub-NDARKU278YRR"
"NDARKV482FU9","sub-NDARKV482FU9"
"NDARKV800DTW","sub-NDARKV800DTW"
"NDARLA395AG8","sub-NDARLA395AG8"
"NDARLA516PH1","sub-NDARLA516PH1"
"NDARLA998XAC","sub-NDARLA998XAC"
"NDARLC358CYJ","sub-NDARLC358CYJ"
"NDARLE091XAZ","sub-NDARLE091XAZ"
"NDARLF446MT5","sub-NDARLF446MT5"
"NDARLJ886BFK","sub-NDARLJ886BFK"
"NDARLL846UYQ","sub-NDARLL846UYQ"
"NDARLM196YRG","sub-NDARLM196YRG"
"NDARLP417RC6","sub-NDARLP417RC6"
"NDARLP507NKW","sub-NDARLP507NKW"
"NDARLU111UYF","sub-NDARLU111UYF"
"NDARLU606ZDD","sub-NDARLU606ZDD"
"NDARLV387GP4","sub-NDARLV387GP4"
"NDARLX816JUZ","sub-NDARLX816JUZ"
"NDARLX836EHJ","sub-NDARLX836EHJ"
"NDARLY114PDC","sub-NDARLY114PDC"
"NDARLZ104NDT","sub-NDARLZ104NDT"
"NDARMB290GPL","sub-NDARMB290GPL"
"NDARMC759CX3","sub-NDARMC759CX3"
"NDARMC760NEC","sub-NDARMC760NEC"
"NDARMD575AXD","sub-NDARMD575AXD"
"NDARME930DE7","sub-NDARME930DE7"
"NDARMF508PA2","sub-NDARMF508PA2"
"NDARMG839NNU","sub-NDARMG839NNU"
"NDARMH625WKL","sub-NDARMH625WKL"
"NDARMJ333WJM","sub-NDARMJ333WJM"
"NDARML514ZFM","sub-NDARML514ZFM"
"NDARMM486AJU","sub-NDARMM486AJU"
"NDARMM782KJK","sub-NDARMM782KJK"
"NDARMN889VG2","sub-NDARMN889VG2"
"NDARMT882AWE","sub-NDARMT882AWE"
"NDARMV575DC1","sub-NDARMV575DC1"
"NDARMW178UDD","sub-NDARMW178UDD"
"NDARMW252AJW","sub-NDARMW252AJW"
"NDARMW755YVG","sub-NDARMW755YVG"
"NDARMX482GWR","sub-NDARMX482GWR"
"NDARMY301WFK","sub-NDARMY301WFK"
"NDARMZ366UY8","sub-NDARMZ366UY8"
"NDARMZ518UH1","sub-NDARMZ518UH1"
"NDARNC834UF7","sub-NDARNC834UF7"
"NDARND697FLK","sub-NDARND697FLK"
"NDARNF362NU0","sub-NDARNF362NU0"
"NDARNF449FMU","sub-NDARNF449FMU"
"NDARNG689AAP","sub-NDARNG689AAP"
"NDARNH147WGN","sub-NDARNH147WGN"
"NDARNH342XLK","sub-NDARNH342XLK"
"NDARNH743HW0","sub-NDARNH743HW0"
"NDARNK489GNR","sub-NDARNK489GNR"
"NDARNP399JVF","sub-NDARNP399JVF"
"NDARNT898ZPF","sub-NDARNT898ZPF"
"NDARNT939YMG","sub-NDARNT939YMG"
"NDARNU249EDF","sub-NDARNU249EDF"
"NDARNV983DET","sub-NDARNV983DET"
"NDARNZ668BGP","sub-NDARNZ668BGP"
"NDARPB701XDP","sub-NDARPB701XDP"
"NDARPC425VY2","sub-NDARPC425VY2"
"NDARPC817XZ5","sub-NDARPC817XZ5"
"NDARPE056ACA","sub-NDARPE056ACA"
"NDARPE752VYE","sub-NDARPE752VYE"
"NDARPF042DD2","sub-NDARPF042DD2"
"NDARPH022TRY","sub-NDARPH022TRY"
"NDARPJ151ERK","sub-NDARPJ151ERK"
"NDARPK265ZXW","sub-NDARPK265ZXW"
"NDARPL596YTD","sub-NDARPL596YTD"
"NDARPP337KUQ","sub-NDARPP337KUQ"
"NDARPT777FDA","sub-NDARPT777FDA"
"NDARPW482TVE","sub-NDARPW482TVE"
"NDARPX661BF1","sub-NDARPX661BF1"
"NDARPZ621ZLE","sub-NDARPZ621ZLE"
"NDARRB338YZ0","sub-NDARRB338YZ0"
"NDARRD326KB9","sub-NDARRD326KB9"
"NDARRD501NH5","sub-NDARRD501NH5"
"NDARRE333EKT","sub-NDARRE333EKT"
"NDARRG199RU4","sub-NDARRG199RU4"
"NDARRG415BJM","sub-NDARRG415BJM"
"NDARRH199NCH","sub-NDARRH199NCH"
"NDARRH908NZD","sub-NDARRH908NZD"
"NDARRK528GFZ","sub-NDARRK528GFZ"
"NDARRK882CLT","sub-NDARRK882CLT"
"NDARRN880XA0","sub-NDARRN880XA0"
"NDARRR351RXB","sub-NDARRR351RXB"
"NDARRR485VP8","sub-NDARRR485VP8"
"NDARRU499DP2","sub-NDARRU499DP2"
"NDARRV002MA8","sub-NDARRV002MA8"
"NDARRV480PU1","sub-NDARRV480PU1"
"NDARRV505ND6","sub-NDARRV505ND6"
"NDARRV638MJV","sub-NDARRV638MJV"
"NDARRW481GFE","sub-NDARRW481GFE"
"NDARRY280KNW","sub-NDARRY280KNW"
"NDARRY785GLM","sub-NDARRY785GLM"
"NDARRZ199KNG","sub-NDARRZ199KNG"
"NDARRZ640EG2","sub-NDARRZ640EG2"
"NDARRZ653HKY","sub-NDARRZ653HKY"
"NDARTC527WPZ","sub-NDARTC527WPZ"
"NDARTD290AY0","sub-NDARTD290AY0"
"NDARTF150VPJ","sub-NDARTF150VPJ"
"NDARTF566PYH","sub-NDARTF566PYH"
"NDARTH261GB5","sub-NDARTH261GB5"
"NDARTH473LF8","sub-NDARTH473LF8"
"NDARTH529YKZ","sub-NDARTH529YKZ"
"NDARTH610GMK","sub-NDARTH610GMK"
"NDARTK185PBH","sub-NDARTK185PBH"
"NDARTK507RJW","sub-NDARTK507RJW"
"NDARTL084LYM","sub-NDARTL084LYM"
"NDARTN173MXV","sub-NDARTN173MXV"
"NDARTR840XP1","sub-NDARTR840XP1"
"NDARTU768MY1","sub-NDARTU768MY1"
"NDARTU777GVV","sub-NDARTU777GVV"
"NDARTX843YTH","sub-NDARTX843YTH"
"NDARTX934NH6","sub-NDARTX934NH6"
"NDARTZ018PD5","sub-NDARTZ018PD5"
"NDARUA421HT8","sub-NDARUA421HT8"
"NDARUA481FK4","sub-NDARUA481FK4"
"NDARUC356FCD","sub-NDARUC356FCD"
"NDARUD394JAW","sub-NDARUD394JAW"
"NDARUD764NFJ","sub-NDARUD764NFJ"
"NDARUF069EHR","sub-NDARUF069EHR"
"NDARUF152ARR","sub-NDARUF152ARR"
"NDARUF935UL3","sub-NDARUF935UL3"
"NDARUG323DM3","sub-NDARUG323DM3"
"NDARUG507AZX","sub-NDARUG507AZX"
"NDARUK054GTN","sub-NDARUK054GTN"
"NDARUK719URM","sub-NDARUK719URM"
"NDARUL250RA6","sub-NDARUL250RA6"
"NDARUL456EER","sub-NDARUL456EER"
"NDARUL596DY9","sub-NDARUL596DY9"
"NDARUM569EV1","sub-NDARUM569EV1"
"NDARUP249AMD","sub-NDARUP249AMD"
"NDARUR987CDM","sub-NDARUR987CDM"
"NDARUW816MP3","sub-NDARUW816MP3"
"NDARUX616RC1","sub-NDARUX616RC1"
"NDARUY549PGQ","sub-NDARUY549PGQ"
"NDARUY811CYU","sub-NDARUY811CYU"
"NDARVA312CA6","sub-NDARVA312CA6"
"NDARVA448GRT","sub-NDARVA448GRT"
"NDARVB811FVD","sub-NDARVB811FVD"
"NDARVC195NLH","sub-NDARVC195NLH"
"NDARVE724GEF","sub-NDARVE724GEF"
"NDARVF332HNH","sub-NDARVF332HNH"
"NDARVF852TZ4","sub-NDARVF852TZ4"
"NDARVG461LA2","sub-NDARVG461LA2"
"NDARVG958MHH","sub-NDARVG958MHH"
"NDARVL555VVA","sub-NDARVL555VVA"
"NDARVL878GRA","sub-NDARVL878GRA"
"NDARVP281CJ4","sub-NDARVP281CJ4"
"NDARVV248VW0","sub-NDARVV248VW0"
"NDARVV473XTY","sub-NDARVV473XTY"
"NDARVV926KLM","sub-NDARVV926KLM"
"NDARVY054WEA","sub-NDARVY054WEA"
"NDARWA276AW0","sub-NDARWA276AW0"
"NDARWA542JCG","sub-NDARWA542JCG"
"NDARWA544RDT","sub-NDARWA544RDT"
"NDARWB591KLW","sub-NDARWB591KLW"
"NDARWC427JB2","sub-NDARWC427JB2"
"NDARWK793VK4","sub-NDARWK793VK4"
"NDARWM656UWL","sub-NDARWM656UWL"
"NDARWN020NRD","sub-NDARWN020NRD"
"NDARWP864WGV","sub-NDARWP864WGV"
"NDARWR247CE1","sub-NDARWR247CE1"
"NDARWR628EFJ","sub-NDARWR628EFJ"
"NDARWU447TL0","sub-NDARWU447TL0"
"NDARWV091RWT","sub-NDARWV091RWT"
"NDARWV794VM2","sub-NDARWV794VM2"
"NDARWW901MTC","sub-NDARWW901MTC"
"NDARWX051KEV","sub-NDARWX051KEV"
"NDARWZ495PG4","sub-NDARWZ495PG4"
"NDARXC418YG7","sub-NDARXC418YG7"
"NDARXE912NZP","sub-NDARXE912NZP"
"NDARXF203DCD","sub-NDARXF203DCD"
"NDARXF294ME0","sub-NDARXF294ME0"
"NDARXF358XGE","sub-NDARXF358XGE"
"NDARXH597ML1","sub-NDARXH597ML1"
"NDARXJ696AMX","sub-NDARXJ696AMX"
"NDARXK462WRZ","sub-NDARXK462WRZ"
"NDARXM571XCC","sub-NDARXM571XCC"
"NDARXT792GY8","sub-NDARXT792GY8"
"NDARXU253JHC","sub-NDARXU253JHC"
"NDARXU437UFZ","sub-NDARXU437UFZ"
"NDARXV445NYZ","sub-NDARXV445NYZ"
"NDARXV930FRQ","sub-NDARXV930FRQ"
"NDARXW455MJ1","sub-NDARXW455MJ1"
"NDARXX895FNJ","sub-NDARXX895FNJ"
"NDARXZ685TU4","sub-NDARXZ685TU4"
"NDARXZ850KHQ","sub-NDARXZ850KHQ"
"NDARXZ902NFM","sub-NDARXZ902NFM"
"NDARYA503XVQ","sub-NDARYA503XVQ"
"NDARYD201BJ5","sub-NDARYD201BJ5"
"NDARYD546HCB","sub-NDARYD546HCB"
"NDARYH110YV9","sub-NDARYH110YV9"
"NDARYH182BBV","sub-NDARYH182BBV"
"NDARYH480GTD","sub-NDARYH480GTD"
"NDARYH697TPA","sub-NDARYH697TPA"
"NDARYJ389DWX","sub-NDARYJ389DWX"
"NDARYK164AEJ","sub-NDARYK164AEJ"
"NDARYL272HDW","sub-NDARYL272HDW"
"NDARYL758JGG","sub-NDARYL758JGG"
"NDARYP516VUU","sub-NDARYP516VUU"
"NDARYR692VVC","sub-NDARYR692VVC"
"NDARYR771VED","sub-NDARYR771VED"
"NDARYT509KUF","sub-NDARYT509KUF"
"NDARYU290HJ3","sub-NDARYU290HJ3"
"NDARYU620RH9","sub-NDARYU620RH9"
"NDARYW789GNP","sub-NDARYW789GNP"
"NDARZC028AEC","sub-NDARZC028AEC"
"NDARZC058BA5","sub-NDARZC058BA5"
"NDARZD415ZZ1","sub-NDARZD415ZZ1"
"NDARZE459MJL","sub-NDARZE459MJL"
"NDARZG263HRK","sub-NDARZG263HRK"
"NDARZG690NHH","sub-NDARZG690NHH"
"NDARZK709KEY","sub-NDARZK709KEY"
"NDARZM839GHH","sub-NDARZM839GHH"
"NDARZM903TNL","sub-NDARZM903TNL"
"NDARZR529EJ1","sub-NDARZR529EJ1"
"NDARZR567HWG","sub-NDARZR567HWG"
"NDARZT011LBZ","sub-NDARZT011LBZ"
"NDARZT772PU4","sub-NDARZT772PU4"
"NDARZV421TCZ","sub-NDARZV421TCZ"
"NDARZV983XK9","sub-NDARZV983XK9"
"NDARZW363UGM","sub-NDARZW363UGM"
"NDARZW623WYG","sub-NDARZW623WYG"
"NDARZX384XVQ","sub-NDARZX384XVQ"
